,enrollee_id,target
0,32403,0.7423848613133334
1,9858,0.06568167591963496
2,31806,0.8217983605041178
3,27385,0.12255839679816959
4,27724,0.12476152305710314
5,217,0.8383439371355118
6,21465,0.8419216523537775
7,27302,0.8451789739947325
8,12994,0.11011444078496871
9,16287,0.8424714160243559
10,10856,0.12310286848078493
11,9272,0.13339443836583598
12,14249,0.17400843398824137
13,24372,0.1238695074116174
14,14070,0.11398564865973357
15,24914,0.4644883273804172
16,7865,0.8397716108643545
17,7463,0.11271367505114777
18,21514,0.8411546110766318
19,29033,0.8400641241751876
20,15359,0.4692581333768616
21,16001,0.13095554644301236
22,25202,0.8444494321553145
23,5058,0.842675260124463
24,23570,0.11627158972660598
25,19139,0.10453525196045232
26,9548,0.12746830349904614
27,8799,0.8382807091592185
28,11113,0.11387848486298047
29,19437,0.8362108529829388
30,394,0.12698832301634322
31,7683,0.38296269778725484
32,22849,0.1267441109180472
33,17189,0.8473007154674936
34,28610,0.12583290282048867
35,25608,0.12615945461451739
36,22139,0.1219203572268695
37,19644,0.11978015703563243
38,18517,0.8392647663766214
39,12835,0.1268882187180231
40,20178,0.11747740171894039
41,25855,0.12256463668741567
42,32126,0.11276322466868115
43,22753,0.12640788919864876
44,18133,0.8410557325693886
45,29242,0.8308609761182338
46,6312,0.46500830487117273
47,113,0.12756105226168635
48,14685,0.05413913097901459
49,20768,0.464526679620795
50,25906,0.12605175683657555
51,20142,0.12210490375057154
52,25891,0.1260577867423524
53,4742,0.8778402725804675
54,2222,0.13019327992530794
55,16917,0.3140981330217737
56,10493,0.8413028746827069
57,10418,0.11125368750364924
58,9766,0.23176195796516003
59,1361,0.6959806742808008
60,19625,0.1274471229165307
61,20943,0.12646311901293664
62,9561,0.1059115132919552
63,4271,0.12438975075015107
64,2094,0.17570561768266546
65,16931,0.10680315885967344
66,27298,0.8415260370921083
67,26493,0.6826849990408291
68,30745,0.841086518482923
69,21052,0.17522728410574218
70,20723,0.3159666334937919
71,13539,0.09546524480039506
72,3214,0.33648465065568833
73,16230,0.2037490544377282
74,25300,0.11222632626222985
75,24018,0.8424848859680775
76,21833,0.12551608566840933
77,30632,0.12026387446566263
78,4334,0.4184038266324111
79,22271,0.7400774267999556
80,28776,0.1276373552652705
81,27769,0.841344301395509
82,25909,0.12254814862753223
83,31266,0.12870343127339087
84,7973,0.12851027421965402
85,30867,0.826727886391014
86,22501,0.1128301586877366
87,2539,0.12366931400434795
88,26681,0.12522617246196027
89,16184,0.15726544764279998
90,3852,0.12973979287666626
91,1680,0.1937269207509511
92,3562,0.1277084899152389
93,8488,0.5719789015591098
94,8373,0.15473953963937473
95,2934,0.12331531905401302
96,12919,0.8285439530871639
97,4386,0.8403769910531598
98,22462,0.9484338337610118
99,13988,0.12026322575645772
100,21230,0.06068077733720782
101,26180,0.7783207430707099
102,16658,0.12682451060001376
103,10324,0.12329837057710152
104,20453,0.11896328383491027
105,13485,0.12128249249250338
106,33080,0.12667661756702878
107,25492,0.7915811182584415
108,1319,0.1234576606073139
109,19146,0.14126229762344292
110,29339,0.12286380307946032
111,33177,0.1263571909974807
112,22143,0.12463177831053476
113,22264,0.5354071708596413
114,17034,0.1234001144609996
115,27002,0.7014706010686098
116,21318,0.12652019284743346
117,12308,0.3594302422374202
118,842,0.8415200226470029
119,4926,0.08680008250445259
120,3,0.13489558185152253
121,19567,0.8442669431296692
122,12809,0.12841309139348003
123,22682,0.1181392051734125
124,1216,0.1263417558034796
125,4417,0.3627255954192815
126,24162,0.8411154200399975
127,16873,0.11984161391414334
128,21920,0.23799169471872947
129,24230,0.8384320952639241
130,5189,0.0865461799143275
131,24396,0.12393942074192175
132,770,0.12136452206680975
133,30913,0.08806261601805332
134,14566,0.1639799504529924
135,15634,0.12085557818150428
136,18163,0.22575971339353373
137,16673,0.8489665719975515
138,18805,0.2166455865805326
139,15367,0.8409150193916451
140,22556,0.6253885974004133
141,27439,0.8063282230042313
142,18426,0.8415275577672411
143,9789,0.12448175001259781
144,28172,0.12076644446863133
145,9184,0.12107092903526913
146,3587,0.09912112090282445
147,1167,0.12707155522353922
148,1663,0.6755454157260898
149,20948,0.10474299559868111
150,31594,0.12101207264019348
151,27117,0.779304303381982
152,678,0.12093487523632945
153,1441,0.6422676266869958
154,31272,0.8446123258286822
155,12443,0.3997587015868965
156,32981,0.08395751334296477
157,1317,0.121347868426703
158,4601,0.12398448269510223
159,30498,0.121453902452557
160,7863,0.6456603707566025
161,8744,0.38682725178263516
162,14698,0.11890066714113318
163,10021,0.12337954655900904
164,15253,0.1297252636314789
165,18108,0.45705347651561895
166,31410,0.12403061501504041
167,30532,0.12273908371686379
168,31733,0.04906480900289391
169,28833,0.8414181887505966
170,8708,0.8410729593409794
171,10050,0.10934731301208717
172,21685,0.1259349922601044
173,18529,0.12625918729253793
174,1850,0.12581756609063033
175,22639,0.15237364303969875
176,5967,0.8389092416303239
177,20977,0.12941930198256857
178,5391,0.8637735947769838
179,4398,0.8403653181220314
180,18383,0.8409787595167769
181,17336,0.839300496532235
182,7470,0.11992705257795527
183,24781,0.10007507076330348
184,24202,0.758474135584697
185,20650,0.10360187508064901
186,5377,0.1257777628654146
187,31693,0.12747831620683067
188,28619,0.8336989921366496
189,15432,0.12343845043315489
190,22999,0.8417934603426638
191,8377,0.1282901471899066
192,9302,0.821228625892063
193,16158,0.11484582184742036
194,29575,0.8476991118750838
195,16573,0.1246196025327389
196,30736,0.7568664071887502
197,20612,0.24014616021553245
198,11976,0.11559127901150319
199,28302,0.12616683031067877
200,9462,0.8396136378694138
201,14512,0.8153792743221583
202,8401,0.12550533579809203
203,19780,0.17536156730877622
204,2594,0.8377636637169619
205,1466,0.12537288123990478
206,17205,0.1290617108130681
207,12990,0.11709570567763006
208,4234,0.12445368884777305
209,18171,0.84361536314355
210,15457,0.12838369821262693
211,23319,0.8442875936854235
212,10598,0.12666932309702822
213,7788,0.8161185781648359
214,32021,0.12151340082970763
215,23969,0.12779624791553781
216,13037,0.12979939549890213
217,30196,0.12232748926693207
218,19504,0.842039914060823
219,16336,0.700278233245748
220,6048,0.12702365312409264
221,6827,0.7674554684452963
222,9268,0.09990294061076901
223,11169,0.8460551335167621
224,31131,0.12718600478637998
225,12361,0.8432327570275062
226,15165,0.853475903509626
227,27773,0.11531482635823277
228,15266,0.12611271859786882
229,26289,0.0725818893006088
230,32553,0.11522153385459928
231,33062,0.1227525401794496
232,8818,0.12310602589011126
233,15380,0.8051785996043774
234,30120,0.8493496754894899
235,24317,0.8422039880331124
236,412,0.054198230822859676
237,30607,0.5486773404551883
238,8513,0.6328707794760879
239,8596,0.13870412082267278
240,14539,0.11856655878523924
241,20456,0.8695105931765416
242,15221,0.11847220030483724
243,28968,0.29151586598466644
244,21648,0.12620283166302945
245,3210,0.1210606467053865
246,22118,0.7748218535173139
247,5605,0.978829885872176
248,30930,0.12015338810074386
249,28718,0.1310756358614236
250,8141,0.1616706472357296
251,3486,0.125506629131117
252,8805,0.12613590336506236
253,6602,0.07044786203896404
254,14916,0.12760835426707262
255,21636,0.16513705064603498
256,9047,0.2955698484203565
257,6694,0.12313396887602525
258,17793,0.14081990177109305
259,32857,0.13160483733230952
260,26325,0.7229236317863242
261,20907,0.10512872090920568
262,12617,0.11771399418586036
263,24295,0.1203460141271605
264,32409,0.870173914917418
265,16713,0.12161455303581496
266,4863,0.19162049737122108
267,13274,0.31283548399770034
268,12462,0.8434067985300346
269,8524,0.13982006797185445
270,21728,0.11973203281905496
271,20577,0.8622086360163334
272,3407,0.5899733290751019
273,27184,0.09347480764875275
274,28845,0.12386882445640877
275,2851,0.09320993804035665
276,485,0.12107688230013688
277,7207,0.1243175068149725
278,9005,0.55132107990281
279,4532,0.12667014646985075
280,23235,0.1314993961615972
281,5403,0.12540417376032556
282,8232,0.12240352534723062
283,40,0.37698013887844
284,8991,0.7817227286887556
285,28620,0.12634534407253545
286,16355,0.6882543474654923
287,18340,0.2291487252599416
288,5138,0.8455559375324343
289,12391,0.5817917919816807
290,15550,0.12667006826582347
291,27155,0.15580014711699494
292,19883,0.8430797028977877
293,25140,0.5
294,27463,0.11879864704174045
295,23894,0.5382912512278717
296,18285,0.11790709458380376
297,25415,0.7934586362088129
298,9894,0.09164298544059105
299,15242,0.8440583611034045
300,8485,0.8538373310044326
301,11982,0.12558584048036084
302,28370,0.7785221250456101
303,17047,0.18151017786486928
304,24941,0.8424856249244116
305,28936,0.18339386130247978
306,9562,0.789279263367187
307,30061,0.12848953303982824
308,2718,0.8599180574668341
309,24681,0.11872259393355743
310,16210,0.11788630295929094
311,1517,0.13856501246973552
312,29475,0.12180623105283282
313,32233,0.8415376171600352
314,26601,0.7403287469514105
315,22457,0.8407009586199778
316,30759,0.2990295668752827
317,27417,0.12300951379692492
318,18983,0.5781080349347744
319,32085,0.12278879665349199
320,13197,0.1362192674606403
321,14026,0.2771238176500724
322,19719,0.8415539465210732
323,30046,0.12471603172764509
324,10446,0.8516678870750216
325,5907,0.2611305709985569
326,1392,0.10917145753585941
327,10348,0.10344055275200083
328,7957,0.11042279258762253
329,19058,0.16311411972375986
330,19243,0.13313023879144237
331,7770,0.1243594005848468
332,15910,0.12513983809949686
333,30486,0.15962043242182103
334,20333,0.9851522786277408
335,6816,0.8409470614295197
336,26209,0.1278953556914859
337,10803,0.1220681768889871
338,26411,0.10408209467132218
339,31555,0.1249047548925548
340,15564,0.10484973369063573
341,28764,0.8394308229539612
342,14172,0.0896482562929541
343,3068,0.8457090505748707
344,27164,0.7202398907768639
345,20887,0.12655338370044517
346,27102,0.12619338688976864
347,14534,0.12277016883632026
348,9021,0.12750932337827542
349,6527,0.3895564915166261
350,7615,0.127292111927729
351,11392,0.12563784938473477
352,33148,0.7152713230806759
353,20910,0.8497051678213501
354,20269,0.11216698829536473
355,23670,0.8402387835535889
356,19946,0.20376593776153085
357,29652,0.08616325194170193
358,23770,0.0561373003603803
359,24340,0.12587819974147751
360,18737,0.12587111953239888
361,24739,0.13065403805391035
362,31072,0.09764513787205521
363,32629,0.18863449811467017
364,4184,0.12922980687024582
365,19028,0.04701256443968451
366,12295,0.18471329637045042
367,17898,0.1288232756772198
368,25160,0.8414252023402862
369,13000,0.1131814577320026
370,8849,0.18571390510518174
371,4773,0.12364968314969489
372,23867,0.11922612925731342
373,25341,0.1254301429890488
374,1456,0.25953718307861867
375,22152,0.12115048593680058
376,6560,0.12894772550479802
377,22829,0.11954946630636111
378,4745,0.12497343945089325
379,22814,0.12704922213810657
380,23233,0.11629921259238152
381,26370,0.10739175439292215
382,12695,0.611554992298888
383,11888,0.11995819820786145
384,319,0.1291721752856555
385,2510,0.8442845101819042
386,5298,0.12963815527548397
387,18400,0.11571749646954074
388,30849,0.8412684304100934
389,31123,0.12378282507104277
390,15829,0.12285660731610834
391,15578,0.12315246805200876
392,4037,0.12139109154064863
393,29658,0.12559636414250286
394,10171,0.12087605774651412
395,1937,0.12295310586400506
396,7376,0.12444438789010484
397,25243,0.12842284837631546
398,9234,0.08282953624671846
399,8471,0.12692039436816177
400,5367,0.1322296225598443
401,5576,0.12481534115698713
402,5488,0.1259884665526008
403,18306,0.12373142348568064
404,2063,0.12235753890445047
405,14205,0.059480190238492305
406,16490,0.10445695530392919
407,10560,0.12106998530378349
408,23064,0.12426365632246528
409,32545,0.1245189988347125
410,29833,0.5691830241601126
411,14200,0.12396066122615065
412,29830,0.8422163371932684
413,21423,0.28282954484720213
414,13869,0.126805024245494
415,28259,0.12631231700922452
416,9618,0.8424244249527587
417,18209,0.8448306218144731
418,27437,0.12480669501515967
419,17129,0.17406809720945612
420,8349,0.12592820826178228
421,6179,0.1286322096053469
422,28842,0.2564482982245324
423,26563,0.12547084981697065
424,19256,0.8134705382144495
425,25579,0.1264652086001561
426,27521,0.12696642990551793
427,31378,0.12812179895128045
428,14870,0.6609407773967755
429,11929,0.12206177198032345
430,14585,0.8055990386225506
431,32487,0.8498718686678693
432,15593,0.7346181486168263
433,13170,0.12151835433046156
434,24544,0.12931174570974588
435,11613,0.8421715027283646
436,30221,0.8428863496964158
437,28251,0.08691452293767184
438,4062,0.12261281575583093
439,29018,0.10955807961010364
440,26433,0.1166526015021776
441,5489,0.2745472356726201
442,19459,0.8203424032273874
443,6017,0.482758400046134
444,24261,0.8658968479516586
445,16705,0.2395355694671863
446,16540,0.8381406241423285
447,7508,0.12124524971660904
448,32650,0.2256273698844882
449,21381,0.8379232158525783
450,9487,0.840224116928137
451,9040,0.1679404438235603
452,12854,0.12739617314899848
453,32495,0.23498131518859644
454,1622,0.49234927005740553
455,15660,0.8419026835517148
456,4052,0.1252923382398425
457,23279,0.10914452269376805
458,20286,0.08853403973349012
459,13832,0.7568480019076732
460,8066,0.1102163926975515
461,31585,0.12574994602747805
462,1249,0.12232621050659523
463,10843,0.12453862233096671
464,9706,0.12163657370180816
465,14601,0.8411441079280938
466,5823,0.09197173966212847
467,1148,0.12063697842841214
468,31284,0.12156704504473888
469,21383,0.08479134229503615
470,32156,0.11951952342588433
471,14110,0.11635276695824291
472,20035,0.8437312019536956
473,20872,0.45466502118601554
474,14568,0.8414056678880237
475,12115,0.10829860314172204
476,26440,0.11817849973403068
477,28319,0.1225810624161889
478,11654,0.11856755798695115
479,22964,0.12385127245482652
480,6834,0.1272468789645749
481,15305,0.4864701152517575
482,14669,0.842095760969297
483,15978,0.11725770193619794
484,32027,0.1272286312520316
485,4806,0.12393606819926478
486,23700,0.12992080782008034
487,5956,0.1169967629496495
488,2441,0.12912813797002026
489,20068,0.8498356762504462
490,18369,0.835232194964321
491,28121,0.7664549995272508
492,15061,0.12014726367269056
493,7443,0.12167356494663537
494,14456,0.8412719974178083
495,1864,0.12307369612606474
496,23766,0.1264034118128974
497,13051,0.10045964496816813
498,25644,0.852461488580729
499,16941,0.10889303215951902
500,30388,0.12374791210745313
501,5861,0.12476861990871355
502,9840,0.19656996498539936
503,16203,0.08492913786455901
504,23986,0.840882503221434
505,6889,0.1316476177301836
506,3658,0.12921972182481403
507,4004,0.052878298167095626
508,14620,0.13166697724830528
509,18979,0.12202451820823436
510,25101,0.8413438395412819
511,10873,0.11365657136507659
512,24570,0.1304191895685142
513,25051,0.8389119428518417
514,22366,0.09112748644752183
515,11762,0.09682664833965672
516,9993,0.12398753221693742
517,31464,0.12493073414863634
518,5040,0.41860275887370585
519,976,0.12173170694610794
520,30784,0.12339392485778067
521,31557,0.12292138348616247
522,22982,0.12983257344569787
523,29300,0.12577051837466618
524,5932,0.13826838965116411
525,31852,0.13055065736181481
526,20833,0.11958955057491914
527,9501,0.12111405276251708
528,9707,0.840539993917009
529,20756,0.1186222239706424
530,11541,0.12408036164743869
531,28084,0.12707913864267917
532,9726,0.7941902781683134
533,31483,0.12447027335881095
534,17440,0.84196536118072
535,30836,0.10099353793428492
536,139,0.12753395615125462
537,2606,0.8506860244818296
538,14158,0.6835094248292247
539,13100,0.5488743309829183
540,30502,0.12370519125609838
541,24245,0.1246269477748089
542,28562,0.11952708815925596
543,12735,0.12242416474620584
544,4114,0.12641380884750897
545,30367,0.05437241970619858
546,5412,0.095028206273991
547,27834,0.1266652741583929
548,4709,0.1643248122698703
549,23880,0.7642489591692707
550,18607,0.45163313153066664
551,15527,0.12945740762989938
552,13748,0.1383803814011852
553,24331,0.8343105939852887
554,10636,0.12266681644012398
555,12488,0.841152633414269
556,16660,0.12792035313471725
557,2892,0.08540199667935638
558,6332,0.1988772185000173
559,6504,0.18458471200362628
560,19043,0.12366629296875005
561,22715,0.07757930692863874
562,27606,0.12493148822114199
563,33052,0.12541630413123808
564,6793,0.11727612818358665
565,16595,0.8490499875783483
566,18261,0.12551733454736697
567,27307,0.12350198278939666
568,25699,0.15574268738819663
569,11707,0.12810159715390645
570,21613,0.8404484799492633
571,32057,0.06720008253025767
572,115,0.12709465676483261
573,6823,0.10892318959679391
574,14353,0.13745927576996755
575,26805,0.09450083167609935
576,15635,0.8493623884000924
577,26417,0.13068200789681908
578,3848,0.12102918402704683
579,17211,0.8420023890301875
580,13103,0.1260500348293518
581,5243,0.3969269894686232
582,2107,0.08184180990582411
583,30974,0.12506161881743252
584,2998,0.1160622215689913
585,22975,0.45955976409675114
586,27239,0.8400033979261893
587,18463,0.8415951607502253
588,21490,0.6804797089447067
589,30657,0.07988038925685581
590,32075,0.8391740232083085
591,31141,0.09116553010437022
592,2340,0.12847797062441244
593,21188,0.12320077777111312
594,24156,0.20297112529170713
595,32584,0.04379226192171483
596,6515,0.8364852953248698
597,14292,0.1159074253729295
598,16125,0.12145875316619233
599,25802,0.8331384389618891
600,19385,0.8600495560416772
601,27304,0.10209940848999573
602,3697,0.8385104412609349
603,11800,0.10846557562417776
604,180,0.11307844340168391
605,7733,0.8439136096295955
606,6935,0.12410669283342213
607,4082,0.12271473947590351
608,31959,0.1240456146664922
609,25113,0.8404926139318453
610,14329,0.43272108731604336
611,15570,0.12109773074050537
612,32516,0.8415755064845473
613,2535,0.11939745751741093
614,16014,0.12995782991134025
615,24251,0.12519133098555313
616,31019,0.044546304194410254
617,21012,0.1637387346266707
618,22140,0.11955892028684063
619,21462,0.8987993220741846
620,20786,0.5683439990079173
621,32404,0.1894465646493408
622,16084,0.1475388424854097
623,20103,0.8020340073834905
624,22525,0.1264344834955442
625,13230,0.8288423977501272
626,29502,0.12771705999135133
627,11646,0.12324837129793284
628,6058,0.1195037926457673
629,30892,0.12674453866157284
630,31017,0.7631287091587394
631,23803,0.11184511320426087
632,6831,0.5938887097962492
633,20380,0.8395737423577125
634,15629,0.12624916290526864
635,17342,0.11886336096802226
636,22359,0.460040479324025
637,27610,0.08605321267043574
638,26769,0.6601311908435463
639,3979,0.131764317346969
640,25171,0.18953969550188518
641,23379,0.6010947987371095
642,18138,0.12625703555317794
643,31687,0.11650797272609764
644,23739,0.028932319630710485
645,8392,0.841716527970553
646,6427,0.011072913162412415
647,27813,0.12045964154638915
648,20687,0.11922412463968186
649,22527,0.8431277611495755
650,33343,0.8413793866397183
651,818,0.13079223244340304
652,31669,0.6785187226136075
653,10952,0.13368914356852818
654,16331,0.12619129641407986
655,32029,0.1253569612772187
656,21152,0.12521374135376975
657,23488,0.12126890072181991
658,11945,0.8409035952768424
659,1670,0.19204509822637342
660,16104,0.048437255327371774
661,4158,0.13468065847384494
662,29781,0.12556073934872863
663,6720,0.846894925172439
664,14369,0.08552116907838182
665,20235,0.12873810967791766
666,3617,0.1728637948964766
667,30756,0.841633349608267
668,22625,0.8459890239255431
669,22057,0.8365611197496944
670,20635,0.8410772797470114
671,1588,0.1313692063469111
672,234,0.11975428954340092
673,18752,0.8413314206489464
674,18128,0.12046220221115925
675,18260,0.1650398095060859
676,19332,0.12606978699224086
677,9564,0.12618447614835349
678,5685,0.11699611533380817
679,18063,0.12362377226316634
680,27124,0.13096676592103726
681,3395,0.7980999303012656
682,22310,0.12680690717650167
683,15977,0.41284019190678467
684,4917,0.11578509314758079
685,19102,0.10849866541732905
686,23275,0.7534943706177173
687,13157,0.8424172939682487
688,13269,0.12261296525461766
689,29977,0.8407703491434703
690,20571,0.12698049468272912
691,23883,0.8337210845384933
692,33033,0.7699233284119151
693,10579,0.8530194328267111
694,5258,0.8443977601098257
695,853,0.12274842820351295
696,27245,0.8261828291332022
697,30670,0.8442836625647071
698,22497,0.2900689195489386
699,3218,0.1321626095976668
700,464,0.12615508499100744
701,15770,0.12161536812015632
702,18264,0.12728415914112448
703,32066,0.8365509890342017
704,11386,0.7111943587620528
705,17502,0.12387572365384414
706,32273,0.8403543638138902
707,27543,0.12327134270035477
708,16317,0.8420141905887504
709,2852,0.1274782370382273
710,5056,0.12048148133989577
711,17504,0.1002920865960413
712,24585,0.842662861728995
713,11734,0.4014254336589418
714,16675,0.12528005440158116
715,23344,0.19364455132491218
716,21786,0.06732609486441779
717,31079,0.8369026610551333
718,33251,0.1298353013147415
719,7805,0.1248567809219956
720,8911,0.8463075035568853
721,7315,0.8276024987681322
722,28132,0.6823687099299088
723,8367,0.11746670104518668
724,27909,0.11982036288431056
725,32320,0.11615426287935267
726,15441,0.12679445870633774
727,25999,0.8437543906136381
728,20169,0.3717966301719011
729,11682,0.7757842854817888
730,26581,0.11839293266989305
731,14832,0.8350134275244201
732,18023,0.17411814207785406
733,18963,0.1244671425848428
734,9105,0.10499602283845044
735,18344,0.8408000483621285
736,576,0.12771432415727985
737,2656,0.11667973068882079
738,16881,0.13221616911676026
739,30245,0.8462232980071432
740,9630,0.12341792791514411
741,3580,0.12227890438393779
742,14773,0.11900656846845514
743,31238,0.12393800620181405
744,1633,0.6623526812616278
745,1995,0.27999196993440345
746,30587,0.12051696717290594
747,32369,0.12355993816504444
748,3722,0.7512932444942879
749,10721,0.12171309793151176
750,407,0.12749883387884633
751,31098,0.12528298670785773
752,4053,0.1180145175487657
753,13782,0.15200088241797916
754,20767,0.14871591309720514
755,20113,0.11583154309070096
756,4674,0.7737034145182027
757,2444,0.8461019880185543
758,19966,0.5842112528334228
759,26367,0.10046349321059811
760,19508,0.1282880896265342
761,13006,0.8102023415632095
762,7563,0.12343473688300878
763,25993,0.11778442734871471
764,18013,0.6923087049674027
765,27699,0.1278415611318631
766,3003,0.12291599326010835
767,6620,0.16293615844613246
768,4364,0.12425589864368819
769,2296,0.12485240422265584
770,17958,0.6565540881753501
771,9740,0.12201951914792224
772,1304,0.11475181110255789
773,28735,0.12885013687796745
774,32212,0.12868262660072655
775,14053,0.8805952948754765
776,22641,0.12899688211832824
777,17900,0.850461149565936
778,31333,0.11956538302684583
779,501,0.7340605802019762
780,18104,0.12142470172227324
781,6092,0.15653558308336096
782,17249,0.11996118044788341
783,1227,0.1857152470778833
784,23515,0.12397635002730212
785,16309,0.48669918190321815
786,5368,0.832029969231655
787,27693,0.1257837207298598
788,2582,0.12381634260226895
789,12096,0.8203658002843929
790,17526,0.12551829045379193
791,23647,0.1251665860324663
792,11440,0.5616049864545193
793,7942,0.128095045244257
794,12064,0.8398447130379535
795,2170,0.28269017541518604
796,15663,0.8509824518075527
797,18378,0.8402272331488899
798,5943,0.1256708769307042
799,8578,0.12475612699403822
800,28645,0.12326277293622573
801,5101,0.10696778270363586
802,14529,0.2985182512351162
803,26235,0.8419156778664889
804,24260,0.12536660932837407
805,17549,0.8111668600503434
806,17610,0.11239622958056998
807,10246,0.28696335435225895
808,8990,0.28892783397894767
809,20459,0.8412377185805057
810,22775,0.7862267649579827
811,11212,0.12359172584928818
812,11963,0.146342834713385
813,14516,0.8410166391923753
814,6464,0.12211100108835012
815,31981,0.10614224496213048
816,19350,0.1248032723839143
817,675,0.1631038377534451
818,3374,0.797312248981369
819,24495,0.12771243503939933
820,8484,0.11893109215362409
821,12459,0.8410465650795788
822,29414,0.12146940620939707
823,10548,0.12774824720493688
824,29383,0.7043452715037247
825,13373,0.842187613624247
826,21283,0.08405193003718493
827,2280,0.8278862134760262
828,5624,0.13723819074089205
829,6778,0.80596622935219
830,2926,0.11327677426121635
831,20431,0.11844382120697693
832,29537,0.1268375773850547
833,4450,0.8433318423577003
834,25833,0.841656009813095
835,33112,0.12493725303801637
836,547,0.12328903275619277
837,9270,0.8608699744295992
838,15566,0.12529436207215985
839,30826,0.1249121415736746
840,250,0.25269804813527047
841,25714,0.41996626155230193
842,28267,0.8406285711278065
843,4504,0.21814996921017804
844,12581,0.1122903039884171
845,15483,0.054108229646595604
846,2894,0.11339620094222551
847,15726,0.12042656271238439
848,17117,0.0598025205173677
849,14182,0.8811410307098367
850,3699,0.7549369480891052
851,29624,0.5884816782143862
852,16168,0.0795166832763876
853,9800,0.12272308052165813
854,9544,0.7082196203009778
855,1433,0.726915120486482
856,27458,0.24209961812982425
857,4804,0.8412046908388121
858,24376,0.12062098080522905
859,31613,0.13038673653915056
860,26895,0.11489500409926083
861,17085,0.10543713084261286
862,22698,0.8427310145474468
863,146,0.12298000551706717
864,24022,0.8571214633136045
865,14658,0.1051513344521921
866,21548,0.12183331211239043
867,9827,0.11820087493862687
868,18544,0.8421499225249461
869,28874,0.10340651302858539
870,6361,0.12208064364705389
871,13089,0.12009657629660415
872,23426,0.12618456717200574
873,22520,0.8395271503410993
874,9649,0.12706361769067792
875,23255,0.7063642710691407
876,24081,0.8783713064660676
877,23116,0.12552338679724517
878,27338,0.848020564000198
879,14873,0.11889410601254966
880,11886,0.7379524408019151
881,9207,0.12951492088919203
882,3291,0.12745467146570374
883,5002,0.1142554220784477
884,6768,0.8398568630271921
885,6281,0.12484782908531039
886,11155,0.12363649408147356
887,14342,0.2560570182854809
888,10394,0.12424243406586326
889,14014,0.12704220165595853
890,28671,0.12033217048781304
891,5109,0.12723687736199144
892,31775,0.11750013663446977
893,17944,0.128951642197445
894,7499,0.12246588925320213
895,13124,0.8044372264559
896,22808,0.5217845115922328
897,29695,0.1889156823509885
898,6167,0.14701391319732177
899,137,0.13075611184306993
900,19494,0.12633032505319544
901,33277,0.8439675424904278
902,3760,0.20765233714520423
903,6837,0.8114848072880583
904,27220,0.11978010882209585
905,26985,0.34179592850788526
906,23667,0.16682902679137493
907,7793,0.11903319585736812
908,11502,0.8340936428086116
909,5882,0.19766641991576558
910,24978,0.8372582350141156
911,25866,0.12257797167219878
912,30020,0.40364996494309363
913,5380,0.12501331158686602
914,20045,0.1269693341045764
915,26651,0.12720097658651897
916,14077,0.3872509106488762
917,32000,0.8327893916703554
918,26694,0.8454609999314695
919,167,0.8440907759593863
920,28381,0.09334662679698139
921,24612,0.06061376056776214
922,17481,0.14005999264082405
923,28007,0.8486841618054373
924,26178,0.8421511827971792
925,13467,0.14515211879191123
926,5720,0.8414812393845355
927,18565,0.8416993469610723
928,17018,0.1235157612330997
929,13047,0.1225047398458089
930,20475,0.8514956536090227
931,5150,0.12716591184298245
932,31451,0.8427914252568837
933,14621,0.12219668642808067
934,29123,0.12386485396775267
935,13949,0.8461933377754415
936,2269,0.8558233366389587
937,12814,0.12183500149789615
938,5255,0.7947527405493378
939,3880,0.150216809869147
940,25297,0.1235114073543274
941,27008,0.19432992568621002
942,1886,0.12086444951721799
943,31129,0.12532728836716223
944,1123,0.12732328300019619
945,9149,0.12360470153546663
946,21962,0.10947201396144965
947,462,0.8554267388439333
948,2677,0.8422871310564127
949,18648,0.12742142946060245
950,25612,0.10462556829264484
951,2784,0.12216619554670981
952,33064,0.8411198779269073
953,3543,0.7194655155750346
954,16419,0.1250707903568337
955,31606,0.8644092451883781
956,5800,0.11650033919478733
957,9032,0.12787137135503934
958,32908,0.11301892589899949
959,31186,0.1250931933341345
960,18411,0.8418525626030533
961,7636,0.1262462091708944
962,25586,0.12221049129582454
963,2583,0.12744837364366185
964,560,0.12755621209636225
965,5514,0.12590508917241006
966,3624,0.12903066639250416
967,1274,0.13576273647585047
968,4957,0.0789960622546593
969,7424,0.11198592396675658
970,12055,0.5060574987986295
971,9163,0.7533563781289262
972,29171,0.12428221432873926
973,16193,0.1278353275180736
974,25623,0.8456159432222733
975,2575,0.3145392163886115
976,21353,0.8388842994730922
977,9106,0.12449357389650319
978,30470,0.05600351135794439
979,20437,0.13498772353204094
980,18316,0.8412740634322304
981,11956,0.12339421660163302
982,8713,0.5764735573065713
983,12951,0.10190595144651635
984,23795,0.12600286689066292
985,25933,0.10280525118052415
986,14271,0.06909439982583092
987,25129,0.8428431200215039
988,344,0.12404664768736222
989,31672,0.789940256549256
990,6400,0.12470329093206037
991,30719,0.12524301304222235
992,26660,0.12407479167009351
993,14428,0.8407799626470509
994,6225,0.07592123975809717
995,7773,0.8411373122394166
996,7720,0.1247144974403206
997,2018,0.09266822827590818
998,5485,0.07165633670283114
999,23288,0.12211143343095834
1000,33010,0.11847365978350513
1001,4819,0.1268360782520152
1002,3127,0.12550229700182955
1003,32360,0.09966270556709109
1004,23133,0.12460475813973651
1005,28972,0.841627634882697
1006,7439,0.8403171170028043
1007,28333,0.8662291879759841
1008,25726,0.29852293310929695
1009,15009,0.13520839788545833
1010,20205,0.2225289885742266
1011,31245,0.12358933259250658
1012,10810,0.8374160904035773
1013,1172,0.8424591035633584
1014,10809,0.1554013682661509
1015,16944,0.8088191113525971
1016,12829,0.12228391141056083
1017,24246,0.12662483680351677
1018,33108,0.12724656019568883
1019,5484,0.1268534237669727
1020,20725,0.12204184720613057
1021,19501,0.8272545778896531
1022,19468,0.121633291189496
1023,1097,0.12286263104271378
1024,31984,0.12555374111030682
1025,172,0.12477006580474909
1026,4899,0.11699958824711464
1027,19171,0.12216231741485538
1028,21296,0.35748032699266746
1029,14156,0.1998745942993537
1030,31565,0.06459596251250618
1031,21308,0.8467549142461072
1032,691,0.12930723168021446
1033,15225,0.1220027470980934
1034,852,0.12537072855802875
1035,3413,0.847416551875845
1036,33234,0.1723102949894876
1037,13314,0.8412616106507006
1038,30921,0.12257925118531232
1039,17072,0.1284867385742513
1040,31230,0.8408584141618909
1041,6689,0.09334171393279798
1042,19117,0.11825840490177894
1043,32259,0.1265172161673962
1044,15640,0.801583310899465
1045,16690,0.12701702962498856
1046,10928,0.8462321795363099
1047,10640,0.12146625160875259
1048,14904,0.10429831819018234
1049,5160,0.12461419633841696
1050,8239,0.6240565257741593
1051,11912,0.12168437842016831
1052,23554,0.169604067448338
1053,17221,0.8408202244271382
1054,25072,0.11656460653684454
1055,19240,0.12190482761084022
1056,12151,0.12073997323353935
1057,26963,0.1272171538706727
1058,2889,0.11853464170400757
1059,19260,0.1259045240372153
1060,7626,0.8548796908278794
1061,31896,0.04871333301961036
1062,17673,0.12747921731341744
1063,12645,0.8435622502874702
1064,13726,0.7446822846714569
1065,14240,0.8403443739430206
1066,5113,0.21366467963231278
1067,32646,0.8379250988269956
1068,30645,0.12522693147295144
1069,14500,0.8336812064218502
1070,16525,0.12664690357417285
1071,20663,0.12645729629684752
1072,8897,0.7919292174995819
1073,10049,0.12619492790432665
1074,13543,0.12969793047158032
1075,1250,0.12326823317420367
1076,16345,0.31018156264934593
1077,3673,0.12132962409836641
1078,17165,0.8415286785074998
1079,8587,0.1231189291551967
1080,7903,0.3079878851441867
1081,28390,0.8402296990498894
1082,18101,0.12638722306077657
1083,3408,0.8276742344353482
1084,3619,0.12693878629477953
1085,9335,0.12476838346971496
1086,31337,0.07850674711239938
1087,18903,0.1261536760928075
1088,1406,0.11948054244840242
1089,31133,0.8378575235350181
1090,30475,0.1194560776089486
1091,11339,0.13523438809769056
1092,10455,0.8222413182662446
1093,22881,0.1432044100487585
1094,29667,0.03613560043283704
1095,16517,0.12416724123358676
1096,15094,0.1299801488251747
1097,2682,0.7420166400180498
1098,7679,0.8445977617614654
1099,2954,0.12173132876299854
1100,12709,0.2877718506375284
1101,24845,0.05130926452609738
1102,6829,0.8411364359813778
1103,12810,0.13034409884859552
1104,20607,0.2024106611418623
1105,10429,0.12277338224764044
1106,18781,0.1154898566393058
1107,21189,0.12215535355103656
1108,19996,0.12595739931340663
1109,24837,0.11523742170095412
1110,4955,0.12607027717577152
1111,32766,0.11359364919467738
1112,6209,0.8391741413664026
1113,24293,0.8406269665173766
1114,28090,0.12216826525457858
1115,11842,0.7500184136915939
1116,13211,0.6122027665404497
1117,26309,0.11584170363737999
1118,4832,0.27173935214353107
1119,23885,0.14530629679214754
1120,27278,0.12217382697020437
1121,32853,0.150115205875596
1122,3264,0.12426076112495875
1123,9997,0.1259456026922654
1124,21496,0.35059136220931086
1125,20570,0.32160546850608485
1126,11907,0.12078589741502745
1127,28629,0.08511091678871609
1128,31388,0.12575481723773527
1129,14538,0.8321472009527605
1130,28,0.060835877196208345
1131,32099,0.8438208857508193
1132,6356,0.24134225098513337
1133,16058,0.1234561027552861
1134,10198,0.1193321869249634
1135,24993,0.14358836794801402
1136,28864,0.050335663926007385
1137,1206,0.12096999924216169
1138,14412,0.12782649834289497
1139,19987,0.11957295662123128
1140,15586,0.4807636000892809
1141,17424,0.1274361337766909
1142,19783,0.13408342279424876
1143,15763,0.12591752068796713
1144,6433,0.8410755506430968
1145,7881,0.12648959652532327
1146,9237,0.12406282457219635
1147,26656,0.11958192833072426
1148,14019,0.8292317582939025
1149,27036,0.11957552660072206
1150,8304,0.12482147460693745
1151,16458,0.8392397333699381
1152,16138,0.12302740748218186
1153,8701,0.12808062058680336
1154,14281,0.06800286444096798
1155,1968,0.12613236088558918
1156,742,0.12533141721963212
1157,17953,0.46022183110043957
1158,660,0.13062299750510775
1159,10829,0.11437943220812992
1160,14159,0.10951334197751081
1161,13603,0.12421049319608923
1162,18232,0.12913260009801145
1163,14574,0.8402708431995597
1164,24725,0.1012815353091853
1165,10737,0.12615891997817139
1166,15141,0.09109373558193713
1167,25308,0.8460468561142245
1168,23084,0.12140845792125916
1169,25465,0.12119175322915977
1170,12340,0.1275039396367892
1171,15589,0.11678167112941072
1172,129,0.12061375249759408
1173,19641,0.7001988202731156
1174,8083,0.10261052554911541
1175,4166,0.12278370573563033
1176,14586,0.841721628771414
1177,21822,0.1270960755304125
1178,2415,0.11506079846084219
1179,1382,0.0629613263104812
1180,30373,0.12455626907095631
1181,1135,0.12522112683186426
1182,29230,0.10810391474703393
1183,16972,0.12538809072384377
1184,25730,0.12295098148955318
1185,17021,0.12298586481243125
1186,19032,0.1660661124375757
1187,6154,0.1226471396184553
1188,2744,0.12988798993353315
1189,621,0.1447848806027421
1190,14035,0.841315800619645
1191,13621,0.33884505593371544
1192,19202,0.11743230205735379
1193,29010,0.8417487530155877
1194,3606,0.09344977783718841
1195,22214,0.12343362751439238
1196,16245,0.2855477518720542
1197,30639,0.11539699552521043
1198,28365,0.12301874204317861
1199,30546,0.13508576844492565
1200,7792,0.14422179959149978
1201,12846,0.8408649490981042
1202,25038,0.11790339298041252
1203,17919,0.7826858697865923
1204,6465,0.12164677714985915
1205,13836,0.12343062520008916
1206,30399,0.12672908991329163
1207,27949,0.12282878986227061
1208,27512,0.12998150293263272
1209,22507,0.3507945362497792
1210,656,0.852464554998437
1211,23663,0.7652884863047285
1212,30907,0.12323744098248811
1213,30023,0.12250052521535332
1214,22045,0.12548828396914122
1215,2209,0.12462121176415066
1216,4838,0.14087034113494992
1217,28498,0.12339953602346648
1218,1179,0.09305250345278583
1219,10682,0.1076806299067335
1220,20707,0.17396628323288174
1221,31228,0.22278653294083234
1222,11642,0.12568172075144513
1223,14477,0.8415430481916424
1224,25737,0.12488480730158767
1225,21032,0.8102413629474835
1226,30770,0.8415866259765764
1227,28733,0.12377360612752117
1228,26032,0.8369640221796745
1229,2421,0.841760616543187
1230,6027,0.04070661777720492
1231,7266,0.8279173199239114
1232,20956,0.12382145028249479
1233,26068,0.12444249786775446
1234,20179,0.06552064825800591
1235,32956,0.12514229377028244
1236,12570,0.8409977388079972
1237,7689,0.840119291062907
1238,19653,0.11923196502235128
1239,8447,0.3235111164693574
1240,18513,0.18469780089694943
1241,4066,0.1319856286985689
1242,613,0.10838749520455286
1243,12437,0.12708254789511997
1244,20917,0.8162669135426143
1245,12505,0.8417975329739469
1246,22510,0.8418486823483043
1247,6642,0.5892447140514993
1248,8562,0.12048889582427026
1249,13030,0.11971275917681114
1250,33291,0.12140351236377397
1251,10469,0.844152355730879
1252,30777,0.12617535259489931
1253,31756,0.8427664659872355
1254,3879,0.11715020583786333
1255,16255,0.8433117091305175
1256,5050,0.8782146781461193
1257,4273,0.8400120682149824
1258,14867,0.12503793879829556
1259,16180,0.8546456005787709
1260,8491,0.1278871873556194
1261,23514,0.12076648308732846
1262,14398,0.3422474623135381
1263,11444,0.16325187846186764
1264,22303,0.06625702367134212
1265,7391,0.0747034192453315
1266,9195,0.8363289583982365
1267,7519,0.05878367765449052
1268,15307,0.7735663662156455
1269,24683,0.12611686217834717
1270,27067,0.8400835311223805
1271,11327,0.11409891980337515
1272,2529,0.8421095263773677
1273,31349,0.12864297185669712
1274,30739,0.12585398902770617
1275,32141,0.12443827456113946
1276,7759,0.7984973588954423
1277,16286,0.10615038610873512
1278,5381,0.8287569290105109
1279,16782,0.3708695149630807
1280,8122,0.10715345011238067
1281,4370,0.5070165151762931
1282,13883,0.12206824587220677
1283,21673,0.13241140885016264
1284,24268,0.12039443975864132
1285,17200,0.6104959640662982
1286,31533,0.12058289068865642
1287,23172,0.12539066563758086
1288,1647,0.12527084797906562
1289,1276,0.12660612015791245
1290,19942,0.7427678585405807
1291,26888,0.8809866527961909
1292,11667,0.12286775041418081
1293,3890,0.12240467363047995
1294,17267,0.3435030728530994
1295,4934,0.12469901993790353
1296,2752,0.8434678778740654
1297,6413,0.12297266501958388
1298,5817,0.1267101675770567
1299,27952,0.8410387886132186
1300,6402,0.12433562496333092
1301,2358,0.8425310792373548
1302,7645,0.8578487123820666
1303,15411,0.1216340454282207
1304,32727,0.8399506915976253
1305,32693,0.12146538476837722
1306,471,0.14689567357945107
1307,16922,0.12368947894435119
1308,31991,0.12594474976310227
1309,16212,0.8451995590676843
1310,22477,0.8375002549753399
1311,11514,0.13065285011104918
1312,28290,0.11410027723350474
1313,11473,0.12066027632796045
1314,28584,0.12118621397051704
1315,9209,0.8399812410241978
1316,28252,0.8429221217827253
1317,30158,0.1253360073324844
1318,18492,0.7030653015511439
1319,18940,0.1313637838684129
1320,30512,0.8520009848473679
1321,19654,0.11066259856461794
1322,16577,0.14694344394612768
1323,17836,0.8715094278959831
1324,29074,0.1321032365325161
1325,25155,0.8458614736236916
1326,31796,0.33684721966113934
1327,30965,0.12442054971890573
1328,7212,0.1273555022547339
1329,20419,0.8446446241429361
1330,27143,0.6121054200789345
1331,33134,0.5785628899769577
1332,21657,0.2924942687419123
1333,14255,0.11404268868642331
1334,11728,0.13153121158573705
1335,915,0.12738930003612586
1336,7987,0.7430730390099349
1337,25241,0.12645515582044248
1338,18483,0.35740429851016886
1339,7032,0.12441715624691571
1340,31668,0.12467367906316089
1341,22870,0.1254639875183403
1342,13142,0.12319281409756672
1343,11481,0.12489126404991198
1344,1679,0.11953703986548417
1345,15849,0.24174286082964652
1346,22392,0.8470920400107439
1347,29223,0.12036233376324378
1348,5296,0.11006041555068474
1349,25329,0.12886170387266452
1350,15164,0.79788578437827
1351,5780,0.12387728907656685
1352,14767,0.0647265707022677
1353,7926,0.8413226999530643
1354,32606,0.11320359753462449
1355,30295,0.8414865569968666
1356,2436,0.11952263871071765
1357,12407,0.12974185682583406
1358,5509,0.1253186730064759
1359,33300,0.12409744741469143
1360,12374,0.1574364209638307
1361,23562,0.17575234548644228
1362,27420,0.7265767936839982
1363,15974,0.12217916902579204
1364,13204,0.40854541163502256
1365,12453,0.8404022441737602
1366,21071,0.09135116114135387
1367,795,0.4038782374720712
1368,80,0.12569655195867643
1369,8509,0.0666618122897478
1370,27199,0.12088731362190748
1371,4393,0.11242011328409385
1372,26993,0.8430093528091593
1373,9753,0.843631140870409
1374,17074,0.11843836680169349
1375,9291,0.12027783167220425
1376,21210,0.12825484962158054
1377,6548,0.12871201924335451
1378,5601,0.8384687540743603
1379,29159,0.12338247554505592
1380,20909,0.12040505680991206
1381,13140,0.11724112688485507
1382,8903,0.12413502175463079
1383,20079,0.12376228145320618
1384,24628,0.9201110046009585
1385,5482,0.07526980334986576
1386,16050,0.8042389591988158
1387,18581,0.3890250966652431
1388,14438,0.8431307444566766
1389,8031,0.12348891882196197
1390,32710,0.11995265264262371
1391,5857,0.09927070474746652
1392,28799,0.7394590022036721
1393,19726,0.12160649262966342
1394,6191,0.1394885255597427
1395,32521,0.11769751753610355
1396,29176,0.12193663446483329
1397,28278,0.12571717255958187
1398,2625,0.12506043716831253
1399,15587,0.12450047731035754
1400,14741,0.12686690314148566
1401,19210,0.11086445677594096
1402,21015,0.13083098720487094
1403,2010,0.12833196055619567
1404,8942,0.20762474383107554
1405,9586,0.12535833964183155
1406,6444,0.11793892789724582
1407,1604,0.1254651612827415
1408,24158,0.4415866126218896
1409,24017,0.08716775671696929
1410,24362,0.0732505139012548
1411,29969,0.1303829321978004
1412,16831,0.12878420380401195
1413,28518,0.12411683139737842
1414,21039,0.12375283135545642
1415,1776,0.05281764599390419
1416,1678,0.12665419308089726
1417,11188,0.8561204163359378
1418,5346,0.45601792094811855
1419,25867,0.4217766802435696
1420,8335,0.12588704021709327
1421,29417,0.12691252848569012
1422,28383,0.48114958246107736
1423,31485,0.1250710428012763
1424,11330,0.12771857813765022
1425,13259,0.12630177943961213
1426,7539,0.33088609436454564
1427,18271,0.8418540330504574
1428,19556,0.12518201006957497
1429,31232,0.8409521401736973
1430,1175,0.12465914152914308
1431,8107,0.12158003887727471
1432,2768,0.060039872131923536
1433,26448,0.09796936796035079
1434,22700,0.8409694497848069
1435,10287,0.12243545850734858
1436,21246,0.06508648846637938
1437,9098,0.13803576913341392
1438,17952,0.2679633734332486
1439,3889,0.11387205331593848
1440,268,0.12029733164710626
1441,27376,0.18609275542068746
1442,22042,0.8287151763666015
1443,32395,0.11978650717740245
1444,16955,0.12377557636993763
1445,15027,0.08183232781369006
1446,27771,0.12186508265984738
1447,25918,0.12007034115844177
1448,28694,0.12120936088428858
1449,10523,0.8419183553404732
1450,12163,0.0818951308036134
1451,10279,0.8176569985984679
1452,20918,0.12798849113579058
1453,22940,0.125776462814888
1454,11283,0.12437625899388764
1455,15682,0.11813726541314294
1456,29890,0.11630676284757413
1457,24998,0.265658453494628
1458,15853,0.11207298830835748
1459,14581,0.12910751074535515
1460,27390,0.11568782028409799
1461,21976,0.12624656175447763
1462,28808,0.07687605836097397
1463,14285,0.11829459118935959
1464,7784,0.12212343838173917
1465,15973,0.8460317796301373
1466,24155,0.8269317092266167
1467,24815,0.10115148765339992
1468,21023,0.07467635271366686
1469,27787,0.12549851678054177
1470,24378,0.160046764567699
1471,7346,0.12348539316374317
1472,25958,0.12592979292620748
1473,32635,0.20274635962990378
1474,1985,0.8388833272099874
1475,288,0.12306765214803904
1476,27281,0.12573700732095403
1477,7953,0.8117262259581988
1478,366,0.8336004185528021
1479,27108,0.12789847458658982
1480,9514,0.1255944764488595
1481,17386,0.10112640371786781
1482,4889,0.12672317078800532
1483,22974,0.5311003745067674
1484,28176,0.12435340934802055
1485,17224,0.1391133464853412
1486,32636,0.8405855296642886
1487,21511,0.11430468133792845
1488,25408,0.8409504493994558
1489,10308,0.30944616441577866
1490,6509,0.8421157859965529
1491,12676,0.12438052968372727
1492,22320,0.1193892308274871
1493,19403,0.8411988044176746
1494,25679,0.13136767557889162
1495,25097,0.84268880356773
1496,30538,0.12942375819178498
1497,29321,0.12348887122705833
1498,5083,0.12483010427196663
1499,17194,0.12252413274451121
1500,25371,0.12323003878845663
1501,25629,0.12146092761054965
1502,2790,0.8414964356778651
1503,31615,0.12656597951560536
1504,9134,0.8396539998029429
1505,23968,0.12601247731299522
1506,24908,0.8423179858576358
1507,22712,0.09502323054253539
1508,11063,0.752709540009041
1509,16129,0.25589206211833254
1510,25292,0.1385688166400319
1511,11796,0.8419391624483663
1512,31234,0.26454651415273106
1513,4581,0.13976127765093574
1514,17703,0.12062707974303073
1515,30036,0.21601908857737825
1516,9837,0.28104986526020453
1517,2715,0.1610131455224691
1518,22652,0.6543801573147633
1519,15158,0.13248337066121355
1520,830,0.12260871175609508
1521,24660,0.12523628549537144
1522,2915,0.4446651805296397
1523,18322,0.11260555096834549
1524,23189,0.12734236367876814
1525,25544,0.12546823678717725
1526,15534,0.3646404124612662
1527,12312,0.8405788798655006
1528,7789,0.84121454421099
1529,6335,0.12646408922894528
1530,17675,0.0938632551196666
1531,7156,0.16517069222186992
1532,14816,0.09999074466930288
1533,31402,0.38603143009479873
1534,12759,0.11960690645223031
1535,18706,0.03961496392003743
1536,5266,0.10147301717440846
1537,27308,0.835808222301253
1538,6721,0.841772348325876
1539,667,0.128495330536506
1540,3027,0.1285485650826838
1541,8735,0.13508405075151494
1542,24238,0.7012717525153433
1543,28911,0.1188817657893217
1544,18575,0.7827987237982432
1545,15098,0.12046157254606997
1546,33308,0.8415917231057809
1547,185,0.12899560124014406
1548,25603,0.2696643283485169
1549,27386,0.38726068212140663
1550,28630,0.11920781049979913
1551,32243,0.12540442320270076
1552,3635,0.10438594658464381
1553,30957,0.663664240862866
1554,2326,0.1461938208816422
1555,17950,0.022950677023297412
1556,32910,0.8422836251508687
1557,32353,0.12197116150049445
1558,13462,0.8412188095939439
1559,28937,0.10508931484223238
1560,29276,0.8413172128536903
1561,16082,0.11640062705059165
1562,515,0.12214036213986723
1563,31826,0.12016931225688177
1564,14515,0.1259054434668097
1565,26722,0.8456418706840076
1566,2937,0.12203507361889303
1567,30103,0.12462867325106969
1568,25100,0.12603127889138235
1569,13397,0.1267258415623336
1570,8413,0.08092005065597475
1571,11413,0.2255066708434616
1572,9556,0.7705154749409338
1573,28061,0.8420960885613404
1574,32374,0.1254484292170209
1575,16251,0.8631133669882722
1576,23674,0.8404995124744279
1577,16689,0.13143637359161914
1578,8042,0.20403839103309604
1579,9055,0.8530619651258026
1580,12674,0.12406317419253764
1581,16328,0.11678383589395545
1582,22099,0.12608937040230123
1583,6314,0.1245620133493688
1584,4579,0.09670801146428719
1585,11640,0.853607444304482
1586,5126,0.12293711977946202
1587,11401,0.21012331173713356
1588,5841,0.12391836547723634
1589,1838,0.8335042268368553
1590,6398,0.12497351551466078
1591,18267,0.8959032846465702
1592,22591,0.8410150744037309
1593,12996,0.8124661086582728
1594,8514,0.12755634074219227
1595,3862,0.12319281409756672
1596,29762,0.1078969673074121
1597,32795,0.8417536344751803
1598,9918,0.10383546776177875
1599,10162,0.1291180901947948
1600,18847,0.7316113817051179
1601,26138,0.16184389870964475
1602,30294,0.15112768890042816
1603,31629,0.1232835586307423
1604,32019,0.8227188247144324
1605,29341,0.12892651205300423
1606,31465,0.10862020043777436
1607,19158,0.12793808067674145
1608,26354,0.12464785400473294
1609,2936,0.12308608203030748
1610,24820,0.02309620448011504
1611,29326,0.8451091352944469
1612,32022,0.12432845207840162
1613,10478,0.8443283946881496
1614,24800,0.8434766443846271
1615,29243,0.04921613751187113
1616,22835,0.7013075744870817
1617,6615,0.8395629890998755
1618,32152,0.12364096882160806
1619,7281,0.10966153784112763
1620,7314,0.10980680354931548
1621,5479,0.8427252381538867
1622,28427,0.12480717826825027
1623,18166,0.12414687078219834
1624,18384,0.8168406995470635
1625,23628,0.7678394677323025
1626,18665,0.08907258054704122
1627,20691,0.8367614028557163
1628,10260,0.8391713204866564
1629,4586,0.8421964789250829
1630,610,0.12059967059867605
1631,17389,0.06353950506638308
1632,12558,0.8471218361713722
1633,16395,0.13075710571613927
1634,11770,0.11556328012261483
1635,27991,0.8539502348913293
1636,27425,0.12743575263941448
1637,25585,0.8414415463110801
1638,20758,0.13031309764262447
1639,4791,0.8249674285790617
1640,18816,0.8404766509948634
1641,31466,0.2377672031305435
1642,12500,0.11792715902410102
1643,1928,0.8404817117898271
1644,15385,0.27961658133127654
1645,14264,0.1261328457007324
1646,29541,0.12459811060054622
1647,8426,0.1196463175909859
1648,11148,0.11733818493377834
1649,22661,0.06673324187825155
1650,19550,0.8400034475734215
1651,15384,0.8369509288599822
1652,1443,0.126403944396208
1653,14491,0.13946811118984354
1654,3275,0.1289028186884
1655,5265,0.11659564510119413
1656,15865,0.06852096373186585
1657,8539,0.12571557229876976
1658,25995,0.12262882632010194
1659,12288,0.12573637640165974
1660,25411,0.11348462236038766
1661,12189,0.8420592126687413
1662,27933,0.12544551580479218
1663,11273,0.12691751092832107
1664,30859,0.1253330408354861
1665,15521,0.11713921536961903
1666,25054,0.8406471724556154
1667,11506,0.15923668750696335
1668,5934,0.735514486460197
1669,3689,0.07934007157607942
1670,27337,0.6381829863934588
1671,15911,0.11878553004825543
1672,32996,0.12864088703089058
1673,10663,0.12837825646021778
1674,18356,0.846891700606857
1675,6865,0.12842503548622036
1676,30679,0.13768249150956582
1677,7347,0.11512272007430492
1678,31951,0.8389919367791264
1679,13009,0.8248948484010454
1680,6452,0.12030139296941374
1681,19294,0.12746084549478948
1682,12946,0.107483264564832
1683,8375,0.805729303595886
1684,8043,0.12342430801339614
1685,4063,0.1216695857323206
1686,14821,0.12572181189989387
1687,16107,0.7662223957268731
1688,23465,0.8431706448241476
1689,18698,0.11208824011016835
1690,24582,0.12804235083097887
1691,19239,0.12342252427556892
1692,9664,0.03087114462960062
1693,17300,0.84027311631793
1694,21257,0.12334478289020276
1695,26856,0.12340190625351947
1696,29283,0.12015238605327139
1697,30846,0.12518359341764435
1698,24670,0.1235470354546621
1699,11391,0.12919315123723507
1700,13823,0.11697897725885126
1701,25931,0.11745828775706346
1702,14638,0.1282196464293031
1703,29031,0.35358587274803327
1704,14883,0.8423068471101681
1705,17924,0.11511866579955707
1706,30951,0.1205975944899587
1707,9051,0.839145766039466
1708,6963,0.12467374450350842
1709,3559,0.12937700723965392
1710,9700,0.12162137536915599
1711,11849,0.05464260517686076
1712,22737,0.12133813193299364
1713,6969,0.7911570342429908
1714,31870,0.12559485725074188
1715,25263,0.11898348295049248
1716,21049,0.6161147600978888
1717,17307,0.2322509444100627
1718,19471,0.2925284295923452
1719,22338,0.12398013427465295
1720,18519,0.8415752691410067
1721,8752,0.02342373439897492
1722,17254,0.40262013201799435
1723,31441,0.1164399830570677
1724,13175,0.12221180624207184
1725,2122,0.8425259585624242
1726,734,0.1255453789505483
1727,10655,0.16440832960576401
1728,20900,0.12586291658786256
1729,25977,0.8395989618348582
1730,8038,0.035141948901137816
1731,9275,0.1527626701483784
1732,26576,0.2786369910286437
1733,8184,0.6574002497489654
1734,25181,0.12048117955535523
1735,27059,0.12452239201455302
1736,17920,0.11660640871009048
1737,14932,0.12298733672253892
1738,2491,0.12476578407404651
1739,22450,0.8405524315636173
1740,12831,0.12831868332451407
1741,24057,0.8421742812357694
1742,27854,0.12407869390828305
1743,9083,0.12361335379909158
1744,26670,0.850440062897611
1745,5709,0.12506875940347295
1746,31995,0.8443492213553648
1747,11845,0.04111434860594201
1748,14052,0.12754710998158017
1749,22407,0.7740745494108711
1750,33353,0.12342191528826238
1751,32278,0.7563421725330456
1752,14069,0.7585655533310774
1753,828,0.12340075772584455
1754,16574,0.12464766748291886
1755,6742,0.8405360092639296
1756,6583,0.12224573679749412
1757,15159,0.1243174576811634
1758,16614,0.19756209220713897
1759,27456,0.1299227222567626
1760,16462,0.8434382776815572
1761,32105,0.8418718912424701
1762,22464,0.09986961178598934
1763,20165,0.33344243869519236
1764,2610,0.1445008489277509
1765,18668,0.12764599720348666
1766,20361,0.8408559290454748
1767,1055,0.1205725452959898
1768,19794,0.12426419806829128
1769,4810,0.8504082300594791
1770,16560,0.7348758283175403
1771,5236,0.7910932978546967
1772,28886,0.8258302554549548
1773,18338,0.12640477028618305
1774,25697,0.12473018187287638
1775,15150,0.1283411128816069
1776,5005,0.12318077610068363
1777,8358,0.14045707863086573
1778,27297,0.8419974620237773
1779,19413,0.844002118014857
1780,5111,0.5830224594116304
1781,13477,0.7848298219243853
1782,2120,0.17366340376585393
1783,28293,0.12484215756663603
1784,31481,0.8403979944238463
1785,25635,0.12779437257371043
1786,14041,0.12882211220947157
1787,10311,0.13147584307309584
1788,13925,0.12667373078662414
1789,2183,0.788251712347639
1790,23188,0.11813529054421473
1791,8982,0.09220447467098272
1792,20064,0.10582051109254134
1793,21604,0.8227005836701184
1794,3991,0.6957127001582808
1795,3307,0.11664728783383091
1796,4343,0.12486351273121515
1797,24642,0.12626778157723306
1798,12008,0.11849415049074645
1799,22200,0.11738109672809746
1800,2789,0.14383082093466049
1801,22697,0.8418989553440676
1802,20321,0.12683177384770866
1803,13470,0.12640910759618373
1804,31236,0.8412556782275422
1805,32607,0.8403605136697098
1806,8216,0.8416088027186877
1807,5320,0.1249731698445773
1808,30466,0.11862081546215432
1809,24026,0.7950469431130849
1810,30013,0.12214469600275402
1811,22342,0.09885971587057348
1812,370,0.14004956680642675
1813,30365,0.8407059263735633
1814,30316,0.8441582908878394
1815,28350,0.11745505305541372
1816,11927,0.47386200238747844
1817,31708,0.840440112469461
1818,25882,0.7890620809412457
1819,16079,0.834148549376476
1820,21788,0.1297471072568868
1821,2530,0.6086602879187464
1822,20640,0.12502953174703776
1823,7148,0.1506856985614277
1824,20308,0.8405907488191696
1825,2196,0.1252327028160164
1826,17225,0.12288687355027544
1827,28163,0.12791397706474295
1828,16164,0.31428122397636266
1829,11460,0.18395018146594333
1830,2900,0.15048363809385695
1831,1026,0.6445641970084559
1832,8049,0.12310432292013808
1833,12413,0.11948564397946032
1834,17269,0.43729607515056623
1835,3885,0.12520603879943534
1836,5194,0.11462771599392989
1837,11644,0.1004768270122336
1838,28377,0.12353471653163338
1839,25914,0.8410023318708202
1840,24947,0.12656091456324442
1841,32540,0.7755697355206439
1842,1346,0.11577423214751857
1843,13220,0.12339939586527368
1844,19336,0.11972362598803012
1845,7416,0.11668756566184539
1846,26996,0.1250762548054299
1847,26859,0.12289217433231527
1848,13498,0.1315605639056764
1849,17659,0.1309800187188627
1850,25173,0.12463675749849178
1851,12002,0.12119384881925917
1852,22468,0.8386086541690984
1853,25106,0.12387023423900873
1854,11730,0.13528008492504637
1855,21871,0.09419321787365394
1856,19543,0.09626736985165132
1857,4842,0.12699326551984758
1858,12874,0.13602838799021472
1859,19725,0.8408421522903002
1860,27614,0.1318697534178152
1861,322,0.11364440755686787
1862,29603,0.12362387582743828
1863,28292,0.07250136591882815
1864,423,0.12760753769915587
1865,22858,0.09182169851940897
1866,16449,0.1244730964796565
1867,26195,0.12025280082826492
1868,29710,0.5
1869,11901,0.6106130537691224
1870,8170,0.22498785596545562
1871,31818,0.8420527870490376
1872,10618,0.840283589390191
1873,10217,0.12129251517474511
1874,13819,0.11340207317022849
1875,13722,0.1527155101946649
1876,18100,0.3836405910351989
1877,5029,0.12378299935670747
1878,31473,0.11362944155075426
1879,26801,0.3616545295430094
1880,18912,0.11235633298347693
1881,27030,0.0971791152079549
1882,3647,0.11994154197156087
1883,4222,0.8141823643075676
1884,25614,0.8423320794464519
1885,19648,0.8465832826728519
1886,22430,0.8414445592969774
1887,15851,0.10634751747265317
1888,301,0.12123107874477845
1889,18825,0.124777285713159
1890,31758,0.8413023728420208
1891,5898,0.7145558796386252
1892,17932,0.1206311103063718
1893,30260,0.11609191911734834
1894,17669,0.12631802238326947
1895,14806,0.14334584404585785
1896,22480,0.24137717020565908
1897,29259,0.13032262707012307
1898,22746,0.12127198921082084
1899,9852,0.8479518125481825
1900,30,0.11130311646502866
1901,17854,0.1297249494063124
1902,9205,0.1456872974382298
1903,17779,0.8392610154105938
1904,20154,0.11909068675154073
1905,16828,0.5991988126837622
1906,7387,0.12460914584020685
1907,31802,0.5
1908,17188,0.8384472591293067
1909,7300,0.12719681988564627
1910,12136,0.1257572696192008
1911,21899,0.1537682193808017
1912,10834,0.40939779563884565
1913,20841,0.813588194335774
1914,5962,0.8390170396664747
1915,7813,0.12456713290717321
1916,10847,0.06082287596114278
1917,30109,0.8436766390582624
1918,3312,0.12663936894005348
1919,12884,0.12691433155245532
1920,20514,0.12495026032169496
1921,8411,0.12786491221525212
1922,16798,0.11233678618324297
1923,27389,0.12548132659905445
1924,32783,0.11311668151506774
1925,10230,0.12531735011940703
1926,5980,0.8384839846845447
1927,3672,0.842628204919904
1928,29832,0.8408486745695243
1929,18719,0.6733654653956913
1930,23024,0.12268908192400155
1931,29629,0.8401222096358886
1932,8112,0.8693947327950698
1933,13953,0.12836484880094254
1934,17450,0.8406193428858678
1935,9752,0.8409127869475137
1936,10167,0.04939599644452178
1937,181,0.18941724728220002
1938,1476,0.3802538491932354
1939,16816,0.12370531111778284
1940,16023,0.12493658872548301
1941,12059,0.12601168418675432
1942,28220,0.11320970510252983
1943,18822,0.1181043471732636
1944,17720,0.059494647898540774
1945,13419,0.13271251890699418
1946,23734,0.09553177270716541
1947,6610,0.11897591604857857
1948,18569,0.12617689767667684
1949,25136,0.4676463235805916
1950,21469,0.1690741580121393
1951,19752,0.11857054945436027
1952,32453,0.12219509575696083
1953,24625,0.1168304389403529
1954,32745,0.12373409417634589
1955,15144,0.12082412804772989
1956,26541,0.12381075681509793
1957,14132,0.1175749907655362
1958,2580,0.12334766011153993
1959,32229,0.2484912116410029
1960,11638,0.14205885567948986
1961,7132,0.1523842665098048
1962,22168,0.12165087424386388
1963,29886,0.5787088714928149
1964,5130,0.12496875922774676
1965,923,0.1207224531122871
1966,28035,0.21511263024715
1967,17153,0.11187403996621906
1968,30428,0.7143670813158374
1969,14687,0.12800961425849444
1970,26621,0.8376543818809058
1971,19744,0.11839744785377819
1972,32698,0.12520461880568215
1973,15049,0.8374483391920465
1974,32808,0.8418070407149028
1975,7535,0.127423287772588
1976,20622,0.8354436281581676
1977,22863,0.12851527413989366
1978,21845,0.05716357388489758
1979,16135,0.12268949984047497
1980,15095,0.12502603819539598
1981,29703,0.18813540064571402
1982,14785,0.8422095465735537
1983,20150,0.1267967750568901
1984,19473,0.15125270326551718
1985,26862,0.08946074532683805
1986,3377,0.12075834708290072
1987,21166,0.8505123293130931
1988,24684,0.1065755313207521
1989,32511,0.12129816948029136
1990,10587,0.915326352590212
1991,23210,0.12816529516134
1992,8243,0.13135509724178157
1993,2046,0.12174908687650193
1994,875,0.0938543787505086
1995,437,0.12883274880706191
1996,9208,0.8429688753431683
1997,18560,0.12253155610890833
1998,31361,0.226288742890332
1999,3432,0.8416914537012258
2000,17066,0.1235048659552559
2001,17993,0.11218553930982447
2002,4879,0.12513623662448414
2003,32898,0.8448607463966458
2004,28680,0.12258133434813401
2005,10304,0.11069773288876775
2006,26899,0.1218426036569071
2007,23403,0.5202374073012599
2008,21936,0.10998591901244362
2009,26927,0.055639862909974476
2010,25713,0.12376998427771169
2011,23976,0.18766138060017232
2012,29908,0.12136162952006996
2013,17426,0.7209039337232104
2014,9806,0.12574128341325938
2015,25886,0.12603627091679387
2016,2736,0.12171054283670288
2017,26688,0.12633327831750926
2018,19261,0.11189777383169243
2019,16728,0.12435947849067988
2020,8837,0.13729744792153092
2021,9345,0.12585832253975698
2022,25696,0.12675704961971543
2023,33236,0.11590587260441794
2024,7258,0.4855803598723742
2025,4274,0.13140550695017988
2026,18287,0.12494068149342014
2027,25062,0.11791668519867982
2028,11144,0.1246384614403081
2029,11404,0.03114732289651806
2030,13232,0.12340506396192528
2031,21968,0.8401272095658517
2032,12142,0.765425430593241
2033,30796,0.12920023018039253
2034,23735,0.8418947077376614
2035,26679,0.12197516533111698
2036,21726,0.12418203060515674
2037,5171,0.5968359964837959
2038,3180,0.12517063958014596
2039,26950,0.843062591961848
2040,24234,0.8265437306267341
2041,32649,0.8409391650566488
2042,4377,0.8420517232307608
2043,545,0.15103952947918867
2044,13114,0.08461282521061997
2045,22786,0.7877285016050798
2046,21335,0.8451226881477943
2047,13292,0.8424489242238075
2048,25862,0.12257585938259727
2049,37,0.8389482721882675
2050,25890,0.10219503687508658
2051,22037,0.12728088376649882
2052,29304,0.2225581101523973
2053,19816,0.12013130558718677
2054,7012,0.8419430387754334
2055,23338,0.8268537869499053
2056,30621,0.8425456581361863
2057,11855,0.12384544845558007
2058,14062,0.12888654449668463
2059,952,0.12539366627398152
2060,28695,0.8402687099981395
2061,25255,0.1236627432388124
2062,14684,0.1278071620543737
2063,2599,0.12000862792015708
2064,27764,0.7378033309397102
2065,22708,0.8416065259672222
2066,13605,0.13633440751742681
2067,3445,0.39096785415120777
2068,12029,0.12693486019293382
2069,28494,0.8464674758206112
2070,26151,0.12560289677873035
2071,30903,0.12314027715019743
2072,23078,0.0934977637962047
2073,3520,0.11017395353385076
2074,23948,0.8125220875786732
2075,20536,0.8409260290503017
2076,12472,0.7849469763104101
2077,12756,0.12831578984984174
2078,634,0.13167098299832938
2079,11458,0.06137127856174716
2080,20348,0.14539843486137413
2081,21057,0.10528139853115637
2082,26446,0.8403902565799124
2083,24170,0.12112756898598318
2084,16216,0.1275297304349545
2085,28349,0.12593141804656866
2086,17295,0.1273880344058385
2087,33316,0.12325656122057843
2088,5280,0.19686580030168127
2089,11201,0.721906305440332
2090,26483,0.12244778567512682
2091,10977,0.1275049719289905
2092,33290,0.8414065159026667
2093,27216,0.8410580627457843
2094,7877,0.12023954838639163
2095,5650,0.09128153999743771
2096,6590,0.1253133176194002
2097,13464,0.8416223720334178
2098,25639,0.12809220954497794
2099,12406,0.5129811959826605
2100,32113,0.10219957020937341
2101,3787,0.10732265107384685
2102,23606,0.8310620276252378
2103,7522,0.7824113326634438
2104,15293,0.8153717652537815
2105,7564,0.8667961781214165
2106,19218,0.12794133211372755
2107,19678,0.117517727234369
2108,19499,0.10839650378693935
2109,13962,0.12636378533181478
2110,22744,0.08607282193913748
2111,21887,0.8359929641383828
2112,28552,0.11039321232971963
2113,10726,0.12442430226804575
2114,6294,0.15120031352186988
2115,13833,0.8411737269150541
2116,31643,0.12270989938576958
2117,21500,0.12097545023233831
2118,33225,0.17316550027902386
2119,8905,0.8365397452988618
2120,9772,0.12312069311023216
2121,27163,0.12446151280862323
2122,24507,0.9227463776045131
2123,21339,0.8411353646743162
2124,1289,0.12233688225020732
2125,195,0.11075184220442545
2126,31762,0.12599253171444838
2127,7873,0.12571331718796744
2128,12215,0.12388824047190042
